title,gender,country,desc,category,imgURL,price,sale,operation
Короткий пуховик с декоративной металлической тканью,Женский,Китай,"Короткий пуховик с декоративной металлической тканью

- Пуховик прямого силуэта
- Воротник-стойка
- Карманы-листочки
- Застёжка на молнию и кнопки
- Ветрозащитная планка
- Кулиска по низу
- Отвороты на рукавах

- Длина: 71 см

Размер модели на фото: S(26/32)

Рост модели на фото: 176 см.
Параметры модели на фото:
грудь: 83
талия: 63
бёдра: 92

Страна производства: Китай
Состав
Верх: 100% Полиэстер; Подкладка: 100% Полиэстер; Утеплитель: 100% Полиэстер",Куртки,https://img.ostin.com/upload/mdm/media_content/resize/ea3/686_950_43c6/37488760299.jpg,4999,20,create
Короткая базовая ультралёгкая куртка с капюшоном,Женский,Россия,"Короткая базовая ультралёгкая куртка с капюшоном

- Куртка прилегающего силуэта с акцентом на талию
- Несъёмный капюшон
- Шевронная и горизонтальная стёжка
- Карманы вдоль шва
- Застёжка на молнию
- Декоративный шеврон на рукаве

- Длина: 64,7 см

Размер модели на фото: S(26/32)

Рост модели на фото: 176 см.
Параметры модели на фото:
грудь: 83
талия: 63
бёдра: 92

Страна производства: Вьетнам
Состав
Верх: 100% Полиэстер; Подкладка: 100% Полиэстер; Утеплитель: 100% Полиэстер",Куртки,https://img.ostin.com/upload/mdm/media_content/resize/442/686_950_4ff8/38331790299.jpg,2499,29,create
Короткая базовая ультралёгкая куртка с капюшоном вариант 2,Женский,Китай,"Короткая базовая ультралёгкая куртка с капюшоном

- Куртка прилегающего силуэта с акцентом на талию
- Несъёмный капюшон
- Шевронная и горизонтальная стёжка
- Карманы вдоль шва
- Застёжка на молнию
- Декоративный шеврон на рукаве

- Длина: 64,7 см

Размер модели на фото: S(26/32)

Рост модели на фото: 176 см.
Параметры модели на фото:
грудь: 83
талия: 63
бёдра: 92

Страна производства: Вьетнам
Состав
Верх: 100% Полиэстер; Подкладка: 100% Полиэстер; Утеплитель: 100% Полиэстер",Куртки,https://img.ostin.com/upload/mdm/media_content/resize/5de/686_950_4e4f/37607420299.jpg,2499,29,create
Пуховик средней длины с объёмным воротником,Женский,Вьетнам,"Пуховик средней длины с объёмным воротником

- Пуховик расширенного силуэта
- Объёмный воротник
- Застёжка на молнию
- Ветрозащитная планка
- 2 внешних кармана на молнии

- Длина: 83 см

Размер модели на фото: S(26/32)

Рост модели на фото: 176 см.
Параметры модели на фото:
грудь: 83
талия: 63
бёдра: 92

Страна производства: Китай
Состав
Верх: 100% Нейлон; Подкладка: 100% Нейлон; Утеплитель Основная часть: 70% Пух утиный серый, 30% Перо; Утеплитель Рукава, Капюшона: 100% Полиэстер",Куртки,https://img.ostin.com/upload/mdm/media_content/resize/6ea/686_950_b0ec/38369880299.jpg,4499,25,create
Короткий пуховик с воротником-стойкой,Женский,Россия,"Короткий пуховик с воротником-стойкой и металлическими молниями

- Пуховик прямого силуэта
- Воротник-стойка
- 2 внешних кармана на молнии
- Застежка на молнию
- Ветрозащитная планка
- Резинка по низу

- Длина: 62 см

Размер модели на фото: S(26/32)

Рост модели на фото: 176 см.
Параметры модели на фото:
грудь: 83
талия: 63
бёдра: 92

Страна производства: Китай
Состав
Верх: 100% Полиэстер; Подкладка: 100% Полиэстер; Утеплитель: 100% Полиэстер",Куртки,https://img.ostin.com/upload/mdm/media_content/resize/be8/686_950_0623/38683860299.jpg,4999,0,create
Пальто силуэта кокон с трикотажными манжетами,Женский,Китай,"Пальто силуэта кокон с трикотажными манжетами

- Пуховик прямого силуэта
- Несъёмный капюшон с регулировкой
- Застёжка на молнию
- Ветрозащитная планка
- 2 внешних кармана
- Трикотажная резинка на манжетах

- Длина: 80 см

Размер модели на фото: S(26/32)

Рост модели на фото: 176 см.
Параметры модели на фото:
грудь: 83
талия: 63
бёдра: 92

Страна производства: Китай
Состав
Верх: 100% Полиэстер; Подкладка: 100% Полиэстер; Утеплитель: 100% Полиэстер",Куртки,https://img.ostin.com/upload/mdm/media_content/resize/569/686_950_9b3e/37608440299.jpg,5499,0,create
Утепленная длинная куртка скапюшоном ,Женский,Россия,"Утепленная длинная куртка с капюшоном
- Пуховик прямого силуэта
- Несъемный капюшон с регулировкой и воротником-стойкой
- Карманы-листочки
- Застежка на молнию
- Ветрозащитная планка
- Декоративный шеврон на рукаве

- Длина: 89,5 см

Размер модели на фото: S(26/32)

Рост модели на фото: 176 см.
Параметры модели на фото:
грудь: 83
талия: 63
бёдра: 92

Страна производства: Вьетнам
Состав
Верх: 100% Полиэстер; Подкладка: 100% Полиэстер; Утеплитель: 100% Полиэстер",Куртки,https://img.ostin.com/upload/mdm/media_content/resize/eab/686_950_d2c8/38650490299.jpg,4999,0,create
Длинный пуховик с капюшоном,Женский,Россия,"Длинный пуховик с капюшоном

- Несъёмный регулируемый капюшон
- 2 внешних кармана
- Застёжка на молнию
- Длина: 102 см

Размер модели на фото: S

Рост модели на фото: 176 см.
Параметры модели на фото:
грудь: 83
талия: 63
бёдра: 92

Страна производства: Китай
Состав
Верх: 100% Полиэстер; Подкладка: 100% Полиэстер; Утеплитель: 100% Полиэстер",Куртки,https://img.ostin.com/upload/mdm/media_content/resize/032/686_950_3a59/37489310299.jpg,8999,0,create
Длинный пуховик с контрастной фурнитурой,Женский,Вьетнам,"Длинный пуховик с контрастной фурнитурой

- Несъёмный капюшон
- 5 внешних карманов и 1 внутренний карман
- Застёжка на молнию и кнопки
- Ветрозащитная планка
- Манжеты на рукавах
- Разрезы по бокам на кнопках
- Потайная кулиска

Размер модели на фото: S

Рост модели на фото: 176 см.
Параметры модели на фото:
грудь: 83
талия: 63
бёдра: 92

Страна производства: Китай
Состав
Состав: Верх: 100% Полиэстер; Подкл: 100% Полиэстер; Утеплитель: 100% Полиэстер",Куртки,https://img.ostin.com/upload/mdm/media_content/resize/f2e/686_950_b95c/37609090299.jpg,6999,0,create
Короткий пуховик с воротником-стойкой вариант 2,Женский,Россия,"Короткий пуховик с воротником-стойкой и металлическими молниями

- Пуховик прямого силуэта
- Воротник-стойка
- 2 внешних кармана на молнии
- Застежка на молнию
- Ветрозащитная планка
- Резинка по низу

- Длина: 62 см

Размер модели на фото: S(26/32)

Рост модели на фото: 176 см.
Параметры модели на фото:
грудь: 83
талия: 63
бёдра: 92

Страна производства: Китай
Состав
Верх: 100% Полиэстер; Подкладка: 100% Полиэстер; Утеплитель: 100% Полиэстер",Куртки,https://img.ostin.com/upload/mdm/media_content/resize/d8a/686_950_9399/38649920299.jpg,4999,0,create
Короткий пуховик с капюшоном,Женский,Китай,"Короткий пуховик с капюшоном

- Пуховик прямого силуэта с рукавом-реглан
- Несъёмный капюшон
- Карманы по шву на молнии
- Асимметричная застёжка на кнопки

- Длина: 63 см

Размер модели на фото: S(26/32)

Рост модели на фото: 176 см.
Параметры модели на фото:
грудь: 83
талия: 63
бёдра: 92

Страна производства: Вьетнам
Состав
Верх: 100% Полиэстер; Подкладка: 100% Полиэстер; Утеплитель: 100% Полиэстер",Куртки,https://img.ostin.com/upload/mdm/media_content/resize/83f/686_950_57d6/37608180299.jpg,3999,0,create
Пуховик средней длины с капюшоном,Женский,Вьетнам,"Пуховик средней длины с капюшоном

- Несъёмный капюшон
- 3 внешних кармана и 1 внутренний карман
- Застёжка на молнию
- Трикотажные манжеты на рукавах
- Длина: 101 см

Размер модели на фото: S

Рост модели на фото: 176 см.
Параметры модели на фото:
грудь: 83
талия: 63
бёдра: 92

Страна производства: Китай
Состав
Верх: 100% Нейлон; Подкладка: 100% Полиэстер; Утеплитель: 100% Полиэстер",Куртки,https://img.ostin.com/upload/mdm/media_content/resize/b13/686_950_0440/37609270299.jpg,6999,0,create
Пуховик с капюшоном и контрастной фурнитурой,Женский,Россия,"Пуховик с капюшоном и контрастной фурнитурой

- Пуховик расклешённого силуэта
- Несъёмный капюшон с регулировкой
- Карманы на молниях
- Застёжка на молнию
- Ветрозащитная планка
- Трикотажная резинка на манжетах

- Длина: 69 см

Размер модели на фото: S(26/32)

Рост модели на фото: 176 см.
Параметры модели на фото:
грудь: 83
талия: 63
бёдра: 92

Страна производства: Китай
Состав
Верх: 100% Нейлон; Подкладка: 100% Полиэстер; Утеплитель: 70% Пух утиный серый, 30% Перо; Утеплитель Рукава, Капюшона: 100% Полиэстер",Куртки,https://img.ostin.com/upload/mdm/media_content/resize/e11/686_950_56ba/38365240299.jpg,5999,0,create
Утепленная длинная куртка с капюшоном,Женский,Китай,"Утепленная длинная куртка с капюшоном

- Пуховик прямого силуэта
- Несъемный капюшон с регулировкой и воротником-стойкой
- Карманы-листочки
- Застежка на молнию
- Ветрозащитная планка
- Декоративный шеврон на рукаве

- Длина: 89,5 см

Размер модели на фото: S(26/32)

Рост модели на фото: 176 см.
Параметры модели на фото:
грудь: 83
талия: 63
бёдра: 92

Страна производства: Вьетнам
Состав
Верх: 100% Полиэстер; Подкладка: 100% Полиэстер; Утеплитель: 100% Полиэстер",Куртки,https://img.ostin.com/upload/mdm/media_content/resize/740/686_950_1936/38666000299.jpg,4999,0,create
Длинное пальто с капюшоном,Женский,Вьетнам,"Длинное пальто с капюшоном

- Несъёмный капюшон
- 2 внешних кармана на молнии и 1 внутренний карман
- Застёжка на молнию
- Длина: 105 см

Размер модели на фото: S

Рост модели на фото: 176 см.
Параметры модели на фото:
грудь: 83
талия: 63
бёдра: 92

Страна производства: Китай
Состав
Верх: 100% Нейлон; Подкладка: 100% Полиэстер; Утеплитель: 100% Полиэстер",Куртки,https://img.ostin.com/upload/mdm/media_content/resize/793/686_950_e005/37608820299.jpg,7999,0,create
Утепленная парка с капюшоном,Женский,Китай,"Утепленная парка с капюшоном

- Несъемный капюшон
- 2 больших накладных кармана и 1 внутренний карман
- Застежка на молнию
- Ветрозащитная планка
- Декоративный текст на рукаве

- Длина: 80 см

Размер модели на фото: S(26/32)

Рост модели на фото: 176 см.
Параметры модели на фото:
грудь: 83
талия: 63
бёдра: 92

Страна производства: Китай
Состав
Верх: 100% Полиэстер; Подкладка: 100% Полиэстер; Утеплитель: 100% Полиэстер",Куртки,https://img.ostin.com/upload/mdm/media_content/resize/82d/686_950_fc7d/37449840299.jpg,5999,0,create
Пуховик средней длины с капюшоном вариант 2,Женский,Россия,"Пуховик средней длины с капюшоном

- Несъёмный капюшон
- Рукава-регланы
- 2 внешних кармана на молнии и 1 внутренний карман
- Застёжка на молнию
- Ветрозащитная планка
- Длина: 82,5 см

Размер модели на фото: S

Рост модели на фото: 176 см.
Параметры модели на фото:
грудь: 83
талия: 63
бёдра: 92

Страна производства: Китай
Состав
Состав: Верх: 100% Нейлон; Подкл: 100% Полиэстер; Наполнитель для тела: 70% Пух утиный серый, 30% Перо; Утеплитель Рукава, Капюшона: 100% Полиэстер",Куртки,https://img.ostin.com/upload/mdm/media_content/resize/874/686_950_b46b/37489140299.jpg,7999,0,create
Утепленная парка с капюшоном вариант 2,Женский,Китай,"Утепленная парка с капюшоном

- Несъемный капюшон
- 2 больших накладных кармана и 1 внутренний карман
- Застежка на молнию
- Ветрозащитная планка
- Декоративный текст на рукаве

- Длина: 80 см

Размер модели на фото: S(26/32)

Рост модели на фото: 176 см.
Параметры модели на фото:
грудь: 83
талия: 63
бёдра: 92

Страна производства: Китай
Состав
Верх: 100% Полиэстер; Подкладка: 100% Полиэстер; Утеплитель: 100% Полиэстер",Куртки,https://img.ostin.com/upload/mdm/media_content/resize/cbe/686_950_30b1/37449770299.jpg,5999,0,create
Длинное пальто с капюшоном вариант 2,Женский,Вьетнам,"Длинное пальто с капюшоном

- Несъёмный капюшон
- 2 внешних кармана на молнии и 1 внутренний карман
- Застёжка на молнию
- Длина: 105 см

Размер модели на фото: S

Рост модели на фото: 176 см.
Параметры модели на фото:
грудь: 83
талия: 63
бёдра: 92

Страна производства: Китай
Состав
Верх: 100% Нейлон; Подкладка: 100% Полиэстер; Утеплитель: 100% Полиэстер",Куртки,https://img.ostin.com/upload/mdm/media_content/resize/81a/686_950_9a04/37489220299.jpg,7999,0,create
Длинный пуховик с контрастной фурнитурой вариант 2,Женский,Китай,"Длинный пуховик с контрастной фурнитурой

- Несъёмный капюшон
- 5 внешних карманов и 1 внутренний карман
- Застёжка на молнию и кнопки
- Ветрозащитная планка
- Манжеты на рукавах
- Разрезы по бокам на кнопках
- Потайная кулиска

Размер модели на фото: S

Рост модели на фото: 176 см.
Параметры модели на фото:
грудь: 83
талия: 63
бёдра: 92

Страна производства: Китай
Состав
Состав: Верх: 100% Полиэстер; Подкл: 100% Полиэстер; Утеплитель: 100% Полиэстер",Куртки,https://img.ostin.com/upload/mdm/media_content/resize/26a/686_950_a5d7/37609000299.jpg,6999,0,create
Ультралегкая куртка с воротником-стойкой и застежкой на пластиковых кнопках,Женский,Китай,"Ультралегкая куртка с воротником-стойкой и застежкой на пластиковых кнопках

- Куртка прилегающего силуэта
- Воротник-стойка
- Карманы вдоль шва
- Застежка на пуговицах

- Длина: 56 см

Размер модели на фото: S(26/32)

Рост модели на фото: 176 см.
Параметры модели на фото:
грудь: 83
талия: 63
бёдра: 92

Страна производства: Китай
Состав
Верх: 100% Нейлон; Подкладка: 100% Нейлон; Утеплитель: 100% Полиэстер",Куртки,https://img.ostin.com/upload/mdm/media_content/resize/8c2/686_950_17de/37373630299.jpg,1499,0,create
Короткий пуховик с декоративной металлической тканью вариант 2,Женский,Китай,"Короткий пуховик с декоративной металлической тканью

- Пуховик прямого силуэта
- Воротник-стойка
- Карманы-листочки
- Застёжка на молнию и кнопки
- Ветрозащитная планка
- Кулиска по низу
- Отвороты на рукавах

- Длина: 71 см

Размер модели на фото: S(26/32)

Рост модели на фото: 176 см.
Параметры модели на фото:
грудь: 83
талия: 63
бёдра: 92

Страна производства: Китай
Состав
Верх: 100% Полиэстер; Подкладка: 100% Полиэстер; Утеплитель: 100% Полиэстер",Куртки,https://img.ostin.com/upload/mdm/media_content/resize/ea3/686_950_43c6/37488760299.jpg,9999,20,create
Короткая базовая ультралёгкая курткас капюшоном вариант 2,Женский,Россия,"Короткая базовая ультралёгкая куртка с капюшоном

- Куртка прилегающего силуэта с акцентом на талию
- Несъёмный капюшон
- Шевронная и горизонтальная стёжка
- Карманы вдоль шва
- Застёжка на молнию
- Декоративный шеврон на рукаве

- Длина: 64,7 см

Размер модели на фото: S(26/32)

Рост модели на фото: 176 см.
Параметры модели на фото:
грудь: 83
талия: 63
бёдра: 92

Страна производства: Вьетнам
Состав
Верх: 100% Полиэстер; Подкладка: 100% Полиэстер; Утеплитель: 100% Полиэстер",Куртки,https://img.ostin.com/upload/mdm/media_content/resize/442/686_950_4ff8/38331790299.jpg,2899,29,create
Короткая базовая ультралёгкая куртка с капюшоном вариант 3,Женский,Китай,"Короткая базовая ультралёгкая куртка с капюшоном

- Куртка прилегающего силуэта с акцентом на талию
- Несъёмный капюшон
- Шевронная и горизонтальная стёжка
- Карманы вдоль шва
- Застёжка на молнию
- Декоративный шеврон на рукаве

- Длина: 64,7 см

Размер модели на фото: S(26/32)

Рост модели на фото: 176 см.
Параметры модели на фото:
грудь: 83
талия: 63
бёдра: 92

Страна производства: Вьетнам
Состав
Верх: 100% Полиэстер; Подкладка: 100% Полиэстер; Утеплитель: 100% Полиэстер",Куртки,https://img.ostin.com/upload/mdm/media_content/resize/5de/686_950_4e4f/37607420299.jpg,3499,29,create
Пуховик средней длины с объёмным воротником вариант 2,Женский,Вьетнам,"Пуховик средней длины с объёмным воротником

- Пуховик расширенного силуэта
- Объёмный воротник
- Застёжка на молнию
- Ветрозащитная планка
- 2 внешних кармана на молнии

- Длина: 83 см

Размер модели на фото: S(26/32)

Рост модели на фото: 176 см.
Параметры модели на фото:
грудь: 83
талия: 63
бёдра: 92

Страна производства: Китай
Состав
Верх: 100% Нейлон; Подкладка: 100% Нейлон; Утеплитель Основная часть: 70% Пух утиный серый, 30% Перо; Утеплитель Рукава, Капюшона: 100% Полиэстер",Куртки,https://img.ostin.com/upload/mdm/media_content/resize/6ea/686_950_b0ec/38369880299.jpg,5499,25,create
Короткий пуховик с воротником-стойкой вариант 3,Женский,Россия,"Короткий пуховик с воротником-стойкой и металлическими молниями

- Пуховик прямого силуэта
- Воротник-стойка
- 2 внешних кармана на молнии
- Застежка на молнию
- Ветрозащитная планка
- Резинка по низу

- Длина: 62 см

Размер модели на фото: S(26/32)

Рост модели на фото: 176 см.
Параметры модели на фото:
грудь: 83
талия: 63
бёдра: 92

Страна производства: Китай
Состав
Верх: 100% Полиэстер; Подкладка: 100% Полиэстер; Утеплитель: 100% Полиэстер",Куртки,https://img.ostin.com/upload/mdm/media_content/resize/be8/686_950_0623/38683860299.jpg,3999,0,create
Пальто силуэта кокон с трикотажными манжетами вариант 2,Женский,Китай,"Пальто силуэта кокон с трикотажными манжетами

- Пуховик прямого силуэта
- Несъёмный капюшон с регулировкой
- Застёжка на молнию
- Ветрозащитная планка
- 2 внешних кармана
- Трикотажная резинка на манжетах

- Длина: 80 см

Размер модели на фото: S(26/32)

Рост модели на фото: 176 см.
Параметры модели на фото:
грудь: 83
талия: 63
бёдра: 92

Страна производства: Китай
Состав
Верх: 100% Полиэстер; Подкладка: 100% Полиэстер; Утеплитель: 100% Полиэстер",Куртки,https://img.ostin.com/upload/mdm/media_content/resize/569/686_950_9b3e/37608440299.jpg,5459,0,create
Утепленная длинная куртка скапюшоном  вариант 2,Женский,Россия,"Утепленная длинная куртка с капюшоном
- Пуховик прямого силуэта
- Несъемный капюшон с регулировкой и воротником-стойкой
- Карманы-листочки
- Застежка на молнию
- Ветрозащитная планка
- Декоративный шеврон на рукаве

- Длина: 89,5 см

Размер модели на фото: S(26/32)

Рост модели на фото: 176 см.
Параметры модели на фото:
грудь: 83
талия: 63
бёдра: 92

Страна производства: Вьетнам
Состав
Верх: 100% Полиэстер; Подкладка: 100% Полиэстер; Утеплитель: 100% Полиэстер",Куртки,https://img.ostin.com/upload/mdm/media_content/resize/eab/686_950_d2c8/38650490299.jpg,4599,0,create
Длинный пуховик с капюшоном вариант 2,Женский,Россия,"Длинный пуховик с капюшоном

- Несъёмный регулируемый капюшон
- 2 внешних кармана
- Застёжка на молнию
- Длина: 102 см

Размер модели на фото: S

Рост модели на фото: 176 см.
Параметры модели на фото:
грудь: 83
талия: 63
бёдра: 92

Страна производства: Китай
Состав
Верх: 100% Полиэстер; Подкладка: 100% Полиэстер; Утеплитель: 100% Полиэстер",Куртки,https://img.ostin.com/upload/mdm/media_content/resize/032/686_950_3a59/37489310299.jpg,11999,0,create
Длинный пуховик с контрастной фурнитурой вариант 3,Женский,Вьетнам,"Длинный пуховик с контрастной фурнитурой

- Несъёмный капюшон
- 5 внешних карманов и 1 внутренний карман
- Застёжка на молнию и кнопки
- Ветрозащитная планка
- Манжеты на рукавах
- Разрезы по бокам на кнопках
- Потайная кулиска

Размер модели на фото: S

Рост модели на фото: 176 см.
Параметры модели на фото:
грудь: 83
талия: 63
бёдра: 92

Страна производства: Китай
Состав
Состав: Верх: 100% Полиэстер; Подкл: 100% Полиэстер; Утеплитель: 100% Полиэстер",Куртки,https://img.ostin.com/upload/mdm/media_content/resize/f2e/686_950_b95c/37609090299.jpg,5999,0,create
Короткий пуховик с воротником-стойкой вариант 4,Женский,Россия,"Короткий пуховик с воротником-стойкой и металлическими молниями

- Пуховик прямого силуэта
- Воротник-стойка
- 2 внешних кармана на молнии
- Застежка на молнию
- Ветрозащитная планка
- Резинка по низу

- Длина: 62 см

Размер модели на фото: S(26/32)

Рост модели на фото: 176 см.
Параметры модели на фото:
грудь: 83
талия: 63
бёдра: 92

Страна производства: Китай
Состав
Верх: 100% Полиэстер; Подкладка: 100% Полиэстер; Утеплитель: 100% Полиэстер",Куртки,https://img.ostin.com/upload/mdm/media_content/resize/d8a/686_950_9399/38649920299.jpg,8777,0,create
Короткий пуховик с капюшоном вариант 2,Женский,Китай,"Короткий пуховик с капюшоном

- Пуховик прямого силуэта с рукавом-реглан
- Несъёмный капюшон
- Карманы по шву на молнии
- Асимметричная застёжка на кнопки

- Длина: 63 см

Размер модели на фото: S(26/32)

Рост модели на фото: 176 см.
Параметры модели на фото:
грудь: 83
талия: 63
бёдра: 92

Страна производства: Вьетнам
Состав
Верх: 100% Полиэстер; Подкладка: 100% Полиэстер; Утеплитель: 100% Полиэстер",Куртки,https://img.ostin.com/upload/mdm/media_content/resize/83f/686_950_57d6/37608180299.jpg,6999,0,create
Пуховик средней длины с капюшоном вариант 3,Женский,Вьетнам,"Пуховик средней длины с капюшоном

- Несъёмный капюшон
- 3 внешних кармана и 1 внутренний карман
- Застёжка на молнию
- Трикотажные манжеты на рукавах
- Длина: 101 см

Размер модели на фото: S

Рост модели на фото: 176 см.
Параметры модели на фото:
грудь: 83
талия: 63
бёдра: 92

Страна производства: Китай
Состав
Верх: 100% Нейлон; Подкладка: 100% Полиэстер; Утеплитель: 100% Полиэстер",Куртки,https://img.ostin.com/upload/mdm/media_content/resize/b13/686_950_0440/37609270299.jpg,7999,0,create
Пуховик с капюшоном и контрастной фурнитурой вариант 2,Женский,Россия,"Пуховик с капюшоном и контрастной фурнитурой

- Пуховик расклешённого силуэта
- Несъёмный капюшон с регулировкой
- Карманы на молниях
- Застёжка на молнию
- Ветрозащитная планка
- Трикотажная резинка на манжетах

- Длина: 69 см

Размер модели на фото: S(26/32)

Рост модели на фото: 176 см.
Параметры модели на фото:
грудь: 83
талия: 63
бёдра: 92

Страна производства: Китай
Состав
Верх: 100% Нейлон; Подкладка: 100% Полиэстер; Утеплитель: 70% Пух утиный серый, 30% Перо; Утеплитель Рукава, Капюшона: 100% Полиэстер",Куртки,https://img.ostin.com/upload/mdm/media_content/resize/e11/686_950_56ba/38365240299.jpg,2999,0,create
Утепленная длинная куртка с капюшоном вариант 2,Женский,Китай,"Утепленная длинная куртка с капюшоном

- Пуховик прямого силуэта
- Несъемный капюшон с регулировкой и воротником-стойкой
- Карманы-листочки
- Застежка на молнию
- Ветрозащитная планка
- Декоративный шеврон на рукаве

- Длина: 89,5 см

Размер модели на фото: S(26/32)

Рост модели на фото: 176 см.
Параметры модели на фото:
грудь: 83
талия: 63
бёдра: 92

Страна производства: Вьетнам
Состав
Верх: 100% Полиэстер; Подкладка: 100% Полиэстер; Утеплитель: 100% Полиэстер",Куртки,https://img.ostin.com/upload/mdm/media_content/resize/740/686_950_1936/38666000299.jpg,8879,0,create
Длинное пальто с капюшоном вариант 3,Женский,Вьетнам,"Длинное пальто с капюшоном

- Несъёмный капюшон
- 2 внешних кармана на молнии и 1 внутренний карман
- Застёжка на молнию
- Длина: 105 см

Размер модели на фото: S

Рост модели на фото: 176 см.
Параметры модели на фото:
грудь: 83
талия: 63
бёдра: 92

Страна производства: Китай
Состав
Верх: 100% Нейлон; Подкладка: 100% Полиэстер; Утеплитель: 100% Полиэстер",Куртки,https://img.ostin.com/upload/mdm/media_content/resize/793/686_950_e005/37608820299.jpg,4599,0,create
Утепленная парка с капюшоном вариант 3,Женский,Китай,"Утепленная парка с капюшоном

- Несъемный капюшон
- 2 больших накладных кармана и 1 внутренний карман
- Застежка на молнию
- Ветрозащитная планка
- Декоративный текст на рукаве

- Длина: 80 см

Размер модели на фото: S(26/32)

Рост модели на фото: 176 см.
Параметры модели на фото:
грудь: 83
талия: 63
бёдра: 92

Страна производства: Китай
Состав
Верх: 100% Полиэстер; Подкладка: 100% Полиэстер; Утеплитель: 100% Полиэстер",Куртки,https://img.ostin.com/upload/mdm/media_content/resize/82d/686_950_fc7d/37449840299.jpg,9754,0,create
Пуховик средней длины с капюшоном вариант 4,Женский,Россия,"Пуховик средней длины с капюшоном

- Несъёмный капюшон
- Рукава-регланы
- 2 внешних кармана на молнии и 1 внутренний карман
- Застёжка на молнию
- Ветрозащитная планка
- Длина: 82,5 см

Размер модели на фото: S

Рост модели на фото: 176 см.
Параметры модели на фото:
грудь: 83
талия: 63
бёдра: 92

Страна производства: Китай
Состав
Состав: Верх: 100% Нейлон; Подкл: 100% Полиэстер; Наполнитель для тела: 70% Пух утиный серый, 30% Перо; Утеплитель Рукава, Капюшона: 100% Полиэстер",Куртки,https://img.ostin.com/upload/mdm/media_content/resize/874/686_950_b46b/37489140299.jpg,7967,0,create
Утепленная парка с капюшоном вариант 4,Женский,Китай,"Утепленная парка с капюшоном

- Несъемный капюшон
- 2 больших накладных кармана и 1 внутренний карман
- Застежка на молнию
- Ветрозащитная планка
- Декоративный текст на рукаве

- Длина: 80 см

Размер модели на фото: S(26/32)

Рост модели на фото: 176 см.
Параметры модели на фото:
грудь: 83
талия: 63
бёдра: 92

Страна производства: Китай
Состав
Верх: 100% Полиэстер; Подкладка: 100% Полиэстер; Утеплитель: 100% Полиэстер",Куртки,https://img.ostin.com/upload/mdm/media_content/resize/cbe/686_950_30b1/37449770299.jpg,3999,0,create
Длинное пальто с капюшоном вариант 4,Женский,Вьетнам,"Длинное пальто с капюшоном

- Несъёмный капюшон
- 2 внешних кармана на молнии и 1 внутренний карман
- Застёжка на молнию
- Длина: 105 см

Размер модели на фото: S

Рост модели на фото: 176 см.
Параметры модели на фото:
грудь: 83
талия: 63
бёдра: 92

Страна производства: Китай
Состав
Верх: 100% Нейлон; Подкладка: 100% Полиэстер; Утеплитель: 100% Полиэстер",Куртки,https://img.ostin.com/upload/mdm/media_content/resize/81a/686_950_9a04/37489220299.jpg,13999,0,create
Длинный пуховик с контрастной фурнитурой вариант 4,Женский,Китай,"Длинный пуховик с контрастной фурнитурой

- Несъёмный капюшон
- 5 внешних карманов и 1 внутренний карман
- Застёжка на молнию и кнопки
- Ветрозащитная планка
- Манжеты на рукавах
- Разрезы по бокам на кнопках
- Потайная кулиска

Размер модели на фото: S

Рост модели на фото: 176 см.
Параметры модели на фото:
грудь: 83
талия: 63
бёдра: 92

Страна производства: Китай
Состав
Состав: Верх: 100% Полиэстер; Подкл: 100% Полиэстер; Утеплитель: 100% Полиэстер",Куртки,https://img.ostin.com/upload/mdm/media_content/resize/26a/686_950_a5d7/37609000299.jpg,6999,0,create
Ультралегкая куртка с воротником-стойкой и застежкой на пластиковых кнопках вариант 2,Женский,Китай,"Ультралегкая куртка с воротником-стойкой и застежкой на пластиковых кнопках

- Куртка прилегающего силуэта
- Воротник-стойка
- Карманы вдоль шва
- Застежка на пуговицах

- Длина: 56 см

Размер модели на фото: S(26/32)

Рост модели на фото: 176 см.
Параметры модели на фото:
грудь: 83
талия: 63
бёдра: 92

Страна производства: Китай
Состав
Верх: 100% Нейлон; Подкладка: 100% Нейлон; Утеплитель: 100% Полиэстер",Куртки,https://img.ostin.com/upload/mdm/media_content/resize/8c2/686_950_17de/37373630299.jpg,2499,0,create
Утеплённая куртка вариант 1,Мужской,Россия,"Утеплённая куртка

- Ткань верха с водоотталкивающей пропиткой
- Несъёмный регулируемый капюшон
- Застёжка на молнию и кнопки
- Ветрозащитная планка
- 2 внутренних и 2 внешних кармана
- Длина: 94 см

Размер модели на фото: M (32/32)
Рост модели на фото: 189 см.
Параметры модели на фото:
грудь: 102
талия: 85
бёдра: 98

Страна производства: Китай
Состав
Верх: 100% Полиэстер; Подкладка: 100% Полиэстер; Утеплитель: 100% Полиэстер",Куртки,https://img.ostin.com/upload/mdm/media_content/resize/0bc/686_950_ec39/38657410299.jpg,6999,20,create
Утеплённая парка с искусственным мехом,Мужской,Китай,"Утеплённая парка с искусственным мехом

- Ткань верха с водоотталкивающей пропиткой
- Несъёмный регулируемый капюшон
- Застёжка на молнию и кнопки
- Ветрозащитная планка
- Декоративный шеврон на рукаве
- Кулиска по линии талии
- 4 внешних кармана и 2 внутренних кармана
- Длина: 97 см

Размер модели на фото: M (32/32)
Рост модели на фото: 189 см.
Параметры модели на фото:
грудь: 102
талия: 85
бёдра: 98

Страна производства: Китай
Состав
Верх: 100% Полиэстер; Подкладка: 100% Полиэстер; Утеплитель: 100% Полиэстер",Куртки,https://img.ostin.com/upload/mdm/media_content/resize/fee/686_950_8ae6/38659770299.jpg,4999,20,create
Утеплённая парка с искусственным мехом вариант 2,Мужской,Китай,"Утеплённая парка с искусственным мехом

- Ткань верха с водоотталкивающей пропиткой
- Несъёмный регулируемый капюшон
- Застёжка на молнию и кнопки
- Ветрозащитная планка
- Декоративный шеврон на рукаве
- Кулиска по линии талии
- 4 внешних кармана и 2 внутренних кармана
- Длина: 97 см

Страна производства: Китай
Состав
Верх: 100% Полиэстер; Подкладка: 100% Полиэстер; Утеплитель: 100% Полиэстер",Куртки,https://img.ostin.com/upload/mdm/media_content/resize/45e/686_950_50c3/36479620299.jpg,5499,20,create
Базовая утеплённая куртка скапюшоном,Мужской,Вьетнам,"Базовая утеплённая куртка с капюшоном

- Ткань верха с водоотталкивающей пропиткой
- Несъёмный регулируемый капюшон
- 2 внешних и 1 внутренний карман
- Центральная застёжка на молнии
- Длина: 76 см

Страна производства: Китай
Состав
Верх: 100% Нейлон; Подкладка: 100% Полиэстер; Утеплитель: 100% Полиэстер",Куртки,https://img.ostin.com/upload/mdm/media_content/resize/534/686_950_def9/39315940299.jpg,2999,0,create
Парка с искусственным мехом,Мужской,Вьетнам,"Парка с искусственным мехом

- Ткань верха с водоотталкивающей пропиткой
- Несъёмный регулируемый капюшон
- Застёжка на молнию
- Ветрозащитная планка
- 6 внешних и 1 внутренний карман
- Резинка на манжетах
- Декоративный шеврон на рукаве
- Длина: 93 см

Страна производства: Китай
Состав
Верх: 65% Полиэстер, 35% Хлопок; Подкладка 1: 100% Полиэстер; Подкладка 2: 100% Хлопок; Утеплитель: 100% Полиэстер",Куртки,https://img.ostin.com/upload/mdm/media_content/resize/eba/686_950_ca99/38660020299.jpg,5299,0,create
Стёганая куртка-бомбер с капюшоном,Мужской,Россия,"Стёганая куртка-бомбер с капюшоном

- Ткань верха с водоотталкивающей пропиткой
- Несъёмный капюшон
- Застёжка на молнию
- Декоративный шеврон на рукаве
- 2 внешних кармана и 2 внутренних кармана
- Резинка по низу и на манжетах
- Длина: 69 см

Страна производства: Китай
Состав
Верх: 100% Нейлон; Подкладка: 100% Полиэстер; Наполн: 100% Полиэстер",Куртки,https://img.ostin.com/upload/mdm/media_content/resize/c66/686_950_613e/36479660299.jpg,2999,0,create
Утеплённая куртка вариант 2,Мужской,Россия,"Утеплённая куртка

- Ткань верха с водоотталкивающей пропиткой
- Несъёмный регулируемый капюшон
- Застёжка на молнию и кнопки
- Ветрозащитная планка
- 2 внутренних и 2 внешних кармана
- Длина: 94 см

Размер модели на фото: M (32/32)
Рост модели на фото: 189 см.
Параметры модели на фото:
грудь: 102
талия: 85
бёдра: 98

Страна производства: Китай
Состав
Верх: 100% Полиэстер; Подкладка: 100% Полиэстер; Утеплитель: 100% Полиэстер",Куртки,https://img.ostin.com/upload/mdm/media_content/resize/0bc/686_950_ec39/38657410299.jpg,6999,20,create
Утеплённая парка с искусственным мехом вариант 3,Мужской,Китай,"Утеплённая парка с искусственным мехом

- Ткань верха с водоотталкивающей пропиткой
- Несъёмный регулируемый капюшон
- Застёжка на молнию и кнопки
- Ветрозащитная планка
- Декоративный шеврон на рукаве
- Кулиска по линии талии
- 4 внешних кармана и 2 внутренних кармана
- Длина: 97 см

Размер модели на фото: M (32/32)
Рост модели на фото: 189 см.
Параметры модели на фото:
грудь: 102
талия: 85
бёдра: 98

Страна производства: Китай
Состав
Верх: 100% Полиэстер; Подкладка: 100% Полиэстер; Утеплитель: 100% Полиэстер",Куртки,https://img.ostin.com/upload/mdm/media_content/resize/fee/686_950_8ae6/38659770299.jpg,4999,20,create
Утеплённая парка с искусственным мехом вариант 4,Мужской,Китай,"Утеплённая парка с искусственным мехом

- Ткань верха с водоотталкивающей пропиткой
- Несъёмный регулируемый капюшон
- Застёжка на молнию и кнопки
- Ветрозащитная планка
- Декоративный шеврон на рукаве
- Кулиска по линии талии
- 4 внешних кармана и 2 внутренних кармана
- Длина: 97 см

Страна производства: Китай
Состав
Верх: 100% Полиэстер; Подкладка: 100% Полиэстер; Утеплитель: 100% Полиэстер",Куртки,https://img.ostin.com/upload/mdm/media_content/resize/45e/686_950_50c3/36479620299.jpg,5499,20,create
Базовая утеплённая куртка скапюшоном вариант 2,Мужской,Вьетнам,"Базовая утеплённая куртка с капюшоном

- Ткань верха с водоотталкивающей пропиткой
- Несъёмный регулируемый капюшон
- 2 внешних и 1 внутренний карман
- Центральная застёжка на молнии
- Длина: 76 см

Страна производства: Китай
Состав
Верх: 100% Нейлон; Подкладка: 100% Полиэстер; Утеплитель: 100% Полиэстер",Куртки,https://img.ostin.com/upload/mdm/media_content/resize/534/686_950_def9/39315940299.jpg,2999,0,create
Парка с искусственным мехом вариант 2,Мужской,Вьетнам,"Парка с искусственным мехом

- Ткань верха с водоотталкивающей пропиткой
- Несъёмный регулируемый капюшон
- Застёжка на молнию
- Ветрозащитная планка
- 6 внешних и 1 внутренний карман
- Резинка на манжетах
- Декоративный шеврон на рукаве
- Длина: 93 см

Страна производства: Китай
Состав
Верх: 65% Полиэстер, 35% Хлопок; Подкладка 1: 100% Полиэстер; Подкладка 2: 100% Хлопок; Утеплитель: 100% Полиэстер",Куртки,https://img.ostin.com/upload/mdm/media_content/resize/eba/686_950_ca99/38660020299.jpg,5299,0,create
Стёганая куртка-бомбер с капюшоном вариант 2,Мужской,Россия,"Стёганая куртка-бомбер с капюшоном

- Ткань верха с водоотталкивающей пропиткой
- Несъёмный капюшон
- Застёжка на молнию
- Декоративный шеврон на рукаве
- 2 внешних кармана и 2 внутренних кармана
- Резинка по низу и на манжетах
- Длина: 69 см

Страна производства: Китай
Состав
Верх: 100% Нейлон; Подкладка: 100% Полиэстер; Наполн: 100% Полиэстер",Куртки,https://img.ostin.com/upload/mdm/media_content/resize/c66/686_950_613e/36479660299.jpg,2999,0,create
Утеплённая куртка вариант 3,Мужской,Россия,"Утеплённая куртка

- Ткань верха с водоотталкивающей пропиткой
- Несъёмный регулируемый капюшон
- Застёжка на молнию и кнопки
- Ветрозащитная планка
- 2 внутренних и 2 внешних кармана
- Длина: 94 см

Размер модели на фото: M (32/32)
Рост модели на фото: 189 см.
Параметры модели на фото:
грудь: 102
талия: 85
бёдра: 98

Страна производства: Китай
Состав
Верх: 100% Полиэстер; Подкладка: 100% Полиэстер; Утеплитель: 100% Полиэстер",Куртки,https://img.ostin.com/upload/mdm/media_content/resize/0bc/686_950_ec39/38657410299.jpg,6999,20,create
Утеплённая парка с искусственным мехом вариант 5,Мужской,Китай,"Утеплённая парка с искусственным мехом

- Ткань верха с водоотталкивающей пропиткой
- Несъёмный регулируемый капюшон
- Застёжка на молнию и кнопки
- Ветрозащитная планка
- Декоративный шеврон на рукаве
- Кулиска по линии талии
- 4 внешних кармана и 2 внутренних кармана
- Длина: 97 см

Размер модели на фото: M (32/32)
Рост модели на фото: 189 см.
Параметры модели на фото:
грудь: 102
талия: 85
бёдра: 98

Страна производства: Китай
Состав
Верх: 100% Полиэстер; Подкладка: 100% Полиэстер; Утеплитель: 100% Полиэстер",Куртки,https://img.ostin.com/upload/mdm/media_content/resize/fee/686_950_8ae6/38659770299.jpg,4999,20,create
Утеплённая парка с искусственным мехом вариант 6,Мужской,Китай,"Утеплённая парка с искусственным мехом

- Ткань верха с водоотталкивающей пропиткой
- Несъёмный регулируемый капюшон
- Застёжка на молнию и кнопки
- Ветрозащитная планка
- Декоративный шеврон на рукаве
- Кулиска по линии талии
- 4 внешних кармана и 2 внутренних кармана
- Длина: 97 см

Страна производства: Китай
Состав
Верх: 100% Полиэстер; Подкладка: 100% Полиэстер; Утеплитель: 100% Полиэстер",Куртки,https://img.ostin.com/upload/mdm/media_content/resize/45e/686_950_50c3/36479620299.jpg,5499,20,create
Базовая утеплённая куртка скапюшоном вариант 3,Мужской,Вьетнам,"Базовая утеплённая куртка с капюшоном

- Ткань верха с водоотталкивающей пропиткой
- Несъёмный регулируемый капюшон
- 2 внешних и 1 внутренний карман
- Центральная застёжка на молнии
- Длина: 76 см

Страна производства: Китай
Состав
Верх: 100% Нейлон; Подкладка: 100% Полиэстер; Утеплитель: 100% Полиэстер",Куртки,https://img.ostin.com/upload/mdm/media_content/resize/534/686_950_def9/39315940299.jpg,2999,0,create
Парка с искусственным мехом вариант 3,Мужской,Вьетнам,"Парка с искусственным мехом

- Ткань верха с водоотталкивающей пропиткой
- Несъёмный регулируемый капюшон
- Застёжка на молнию
- Ветрозащитная планка
- 6 внешних и 1 внутренний карман
- Резинка на манжетах
- Декоративный шеврон на рукаве
- Длина: 93 см

Страна производства: Китай
Состав
Верх: 65% Полиэстер, 35% Хлопок; Подкладка 1: 100% Полиэстер; Подкладка 2: 100% Хлопок; Утеплитель: 100% Полиэстер",Куртки,https://img.ostin.com/upload/mdm/media_content/resize/eba/686_950_ca99/38660020299.jpg,5299,0,create
Стёганая куртка-бомбер с капюшоном вариант 3,Мужской,Россия,"Стёганая куртка-бомбер с капюшоном

- Ткань верха с водоотталкивающей пропиткой
- Несъёмный капюшон
- Застёжка на молнию
- Декоративный шеврон на рукаве
- 2 внешних кармана и 2 внутренних кармана
- Резинка по низу и на манжетах
- Длина: 69 см

Страна производства: Китай
Состав
Верх: 100% Нейлон; Подкладка: 100% Полиэстер; Наполн: 100% Полиэстер",Куртки,https://img.ostin.com/upload/mdm/media_content/resize/c66/686_950_613e/36479660299.jpg,2999,0,create
Утеплённая куртка вариант 4,Мужской,Россия,"Утеплённая куртка

- Ткань верха с водоотталкивающей пропиткой
- Несъёмный регулируемый капюшон
- Застёжка на молнию и кнопки
- Ветрозащитная планка
- 2 внутренних и 2 внешних кармана
- Длина: 94 см

Размер модели на фото: M (32/32)
Рост модели на фото: 189 см.
Параметры модели на фото:
грудь: 102
талия: 85
бёдра: 98

Страна производства: Китай
Состав
Верх: 100% Полиэстер; Подкладка: 100% Полиэстер; Утеплитель: 100% Полиэстер",Куртки,https://img.ostin.com/upload/mdm/media_content/resize/0bc/686_950_ec39/38657410299.jpg,6999,20,create
Утеплённая парка с искусственным мехом вариант 7,Мужской,Китай,"Утеплённая парка с искусственным мехом

- Ткань верха с водоотталкивающей пропиткой
- Несъёмный регулируемый капюшон
- Застёжка на молнию и кнопки
- Ветрозащитная планка
- Декоративный шеврон на рукаве
- Кулиска по линии талии
- 4 внешних кармана и 2 внутренних кармана
- Длина: 97 см

Размер модели на фото: M (32/32)
Рост модели на фото: 189 см.
Параметры модели на фото:
грудь: 102
талия: 85
бёдра: 98

Страна производства: Китай
Состав
Верх: 100% Полиэстер; Подкладка: 100% Полиэстер; Утеплитель: 100% Полиэстер",Куртки,https://img.ostin.com/upload/mdm/media_content/resize/fee/686_950_8ae6/38659770299.jpg,4999,20,create
Утеплённая парка с искусственным мехом вариант 8,Мужской,Китай,"Утеплённая парка с искусственным мехом

- Ткань верха с водоотталкивающей пропиткой
- Несъёмный регулируемый капюшон
- Застёжка на молнию и кнопки
- Ветрозащитная планка
- Декоративный шеврон на рукаве
- Кулиска по линии талии
- 4 внешних кармана и 2 внутренних кармана
- Длина: 97 см

Страна производства: Китай
Состав
Верх: 100% Полиэстер; Подкладка: 100% Полиэстер; Утеплитель: 100% Полиэстер",Куртки,https://img.ostin.com/upload/mdm/media_content/resize/45e/686_950_50c3/36479620299.jpg,5499,20,create
Базовая утеплённая куртка скапюшоном вариант 4,Мужской,Вьетнам,"Базовая утеплённая куртка с капюшоном

- Ткань верха с водоотталкивающей пропиткой
- Несъёмный регулируемый капюшон
- 2 внешних и 1 внутренний карман
- Центральная застёжка на молнии
- Длина: 76 см

Страна производства: Китай
Состав
Верх: 100% Нейлон; Подкладка: 100% Полиэстер; Утеплитель: 100% Полиэстер",Куртки,https://img.ostin.com/upload/mdm/media_content/resize/534/686_950_def9/39315940299.jpg,2999,0,create
Парка с искусственным мехом вариант 4,Мужской,Вьетнам,"Парка с искусственным мехом

- Ткань верха с водоотталкивающей пропиткой
- Несъёмный регулируемый капюшон
- Застёжка на молнию
- Ветрозащитная планка
- 6 внешних и 1 внутренний карман
- Резинка на манжетах
- Декоративный шеврон на рукаве
- Длина: 93 см

Страна производства: Китай
Состав
Верх: 65% Полиэстер, 35% Хлопок; Подкладка 1: 100% Полиэстер; Подкладка 2: 100% Хлопок; Утеплитель: 100% Полиэстер",Куртки,https://img.ostin.com/upload/mdm/media_content/resize/eba/686_950_ca99/38660020299.jpg,5299,0,create
Стёганая куртка-бомбер с капюшоном вариант 4,Мужской,Россия,"Стёганая куртка-бомбер с капюшоном

- Ткань верха с водоотталкивающей пропиткой
- Несъёмный капюшон
- Застёжка на молнию
- Декоративный шеврон на рукаве
- 2 внешних кармана и 2 внутренних кармана
- Резинка по низу и на манжетах
- Длина: 69 см

Страна производства: Китай
Состав
Верх: 100% Нейлон; Подкладка: 100% Полиэстер; Наполн: 100% Полиэстер",Куртки,https://img.ostin.com/upload/mdm/media_content/resize/c66/686_950_613e/36479660299.jpg,2999,0,create
Утеплённая куртка вариант 5,Мужской,Россия,"Утеплённая куртка

- Ткань верха с водоотталкивающей пропиткой
- Несъёмный регулируемый капюшон
- Застёжка на молнию и кнопки
- Ветрозащитная планка
- 2 внутренних и 2 внешних кармана
- Длина: 94 см

Размер модели на фото: M (32/32)
Рост модели на фото: 189 см.
Параметры модели на фото:
грудь: 102
талия: 85
бёдра: 98

Страна производства: Китай
Состав
Верх: 100% Полиэстер; Подкладка: 100% Полиэстер; Утеплитель: 100% Полиэстер",Куртки,https://img.ostin.com/upload/mdm/media_content/resize/0bc/686_950_ec39/38657410299.jpg,6999,20,create
Утеплённая парка с искусственным мехом вариант 10,Мужской,Китай,"Утеплённая парка с искусственным мехом

- Ткань верха с водоотталкивающей пропиткой
- Несъёмный регулируемый капюшон
- Застёжка на молнию и кнопки
- Ветрозащитная планка
- Декоративный шеврон на рукаве
- Кулиска по линии талии
- 4 внешних кармана и 2 внутренних кармана
- Длина: 97 см

Размер модели на фото: M (32/32)
Рост модели на фото: 189 см.
Параметры модели на фото:
грудь: 102
талия: 85
бёдра: 98

Страна производства: Китай
Состав
Верх: 100% Полиэстер; Подкладка: 100% Полиэстер; Утеплитель: 100% Полиэстер",Куртки,https://img.ostin.com/upload/mdm/media_content/resize/fee/686_950_8ae6/38659770299.jpg,4999,20,create
Утеплённая парка с искусственным мехом вариант 9,Мужской,Китай,"Утеплённая парка с искусственным мехом

- Ткань верха с водоотталкивающей пропиткой
- Несъёмный регулируемый капюшон
- Застёжка на молнию и кнопки
- Ветрозащитная планка
- Декоративный шеврон на рукаве
- Кулиска по линии талии
- 4 внешних кармана и 2 внутренних кармана
- Длина: 97 см

Страна производства: Китай
Состав
Верх: 100% Полиэстер; Подкладка: 100% Полиэстер; Утеплитель: 100% Полиэстер",Куртки,https://img.ostin.com/upload/mdm/media_content/resize/45e/686_950_50c3/36479620299.jpg,5499,20,create
Базовая утеплённая куртка скапюшоном вариант 5,Мужской,Вьетнам,"Базовая утеплённая куртка с капюшоном

- Ткань верха с водоотталкивающей пропиткой
- Несъёмный регулируемый капюшон
- 2 внешних и 1 внутренний карман
- Центральная застёжка на молнии
- Длина: 76 см

Страна производства: Китай
Состав
Верх: 100% Нейлон; Подкладка: 100% Полиэстер; Утеплитель: 100% Полиэстер",Куртки,https://img.ostin.com/upload/mdm/media_content/resize/534/686_950_def9/39315940299.jpg,2999,0,create
Парка с искусственным мехом вариант 5,Мужской,Вьетнам,"Парка с искусственным мехом

- Ткань верха с водоотталкивающей пропиткой
- Несъёмный регулируемый капюшон
- Застёжка на молнию
- Ветрозащитная планка
- 6 внешних и 1 внутренний карман
- Резинка на манжетах
- Декоративный шеврон на рукаве
- Длина: 93 см

Страна производства: Китай
Состав
Верх: 65% Полиэстер, 35% Хлопок; Подкладка 1: 100% Полиэстер; Подкладка 2: 100% Хлопок; Утеплитель: 100% Полиэстер",Куртки,https://img.ostin.com/upload/mdm/media_content/resize/eba/686_950_ca99/38660020299.jpg,5299,0,create
Стёганая куртка-бомбер с капюшоном вариант 5,Мужской,Россия,"Стёганая куртка-бомбер с капюшоном

- Ткань верха с водоотталкивающей пропиткой
- Несъёмный капюшон
- Застёжка на молнию
- Декоративный шеврон на рукаве
- 2 внешних кармана и 2 внутренних кармана
- Резинка по низу и на манжетах
- Длина: 69 см

Страна производства: Китай
Состав
Верх: 100% Нейлон; Подкладка: 100% Полиэстер; Наполн: 100% Полиэстер",Куртки,https://img.ostin.com/upload/mdm/media_content/resize/c66/686_950_613e/36479660299.jpg,2999,0,create
Утеплённая куртка вариант 6,Мужской,Россия,"Утеплённая куртка

- Ткань верха с водоотталкивающей пропиткой
- Несъёмный регулируемый капюшон
- Застёжка на молнию и кнопки
- Ветрозащитная планка
- 2 внутренних и 2 внешних кармана
- Длина: 94 см

Размер модели на фото: M (32/32)
Рост модели на фото: 189 см.
Параметры модели на фото:
грудь: 102
талия: 85
бёдра: 98

Страна производства: Китай
Состав
Верх: 100% Полиэстер; Подкладка: 100% Полиэстер; Утеплитель: 100% Полиэстер",Куртки,https://img.ostin.com/upload/mdm/media_content/resize/0bc/686_950_ec39/38657410299.jpg,6999,20,create
Утеплённая парка с искусственным мехом вариант 10,Мужской,Китай,"Утеплённая парка с искусственным мехом

- Ткань верха с водоотталкивающей пропиткой
- Несъёмный регулируемый капюшон
- Застёжка на молнию и кнопки
- Ветрозащитная планка
- Декоративный шеврон на рукаве
- Кулиска по линии талии
- 4 внешних кармана и 2 внутренних кармана
- Длина: 97 см

Размер модели на фото: M (32/32)
Рост модели на фото: 189 см.
Параметры модели на фото:
грудь: 102
талия: 85
бёдра: 98

Страна производства: Китай
Состав
Верх: 100% Полиэстер; Подкладка: 100% Полиэстер; Утеплитель: 100% Полиэстер",Куртки,https://img.ostin.com/upload/mdm/media_content/resize/fee/686_950_8ae6/38659770299.jpg,4999,20,create
Утеплённая парка с искусственным мехом вариант 10,Мужской,Китай,"Утеплённая парка с искусственным мехом

- Ткань верха с водоотталкивающей пропиткой
- Несъёмный регулируемый капюшон
- Застёжка на молнию и кнопки
- Ветрозащитная планка
- Декоративный шеврон на рукаве
- Кулиска по линии талии
- 4 внешних кармана и 2 внутренних кармана
- Длина: 97 см

Страна производства: Китай
Состав
Верх: 100% Полиэстер; Подкладка: 100% Полиэстер; Утеплитель: 100% Полиэстер",Куртки,https://img.ostin.com/upload/mdm/media_content/resize/45e/686_950_50c3/36479620299.jpg,5499,20,create
Базовая утеплённая куртка скапюшоном вариант 6,Мужской,Вьетнам,"Базовая утеплённая куртка с капюшоном

- Ткань верха с водоотталкивающей пропиткой
- Несъёмный регулируемый капюшон
- 2 внешних и 1 внутренний карман
- Центральная застёжка на молнии
- Длина: 76 см

Страна производства: Китай
Состав
Верх: 100% Нейлон; Подкладка: 100% Полиэстер; Утеплитель: 100% Полиэстер",Куртки,https://img.ostin.com/upload/mdm/media_content/resize/534/686_950_def9/39315940299.jpg,2999,0,create
Парка с искусственным мехом вариант 6,Мужской,Вьетнам,"Парка с искусственным мехом

- Ткань верха с водоотталкивающей пропиткой
- Несъёмный регулируемый капюшон
- Застёжка на молнию
- Ветрозащитная планка
- 6 внешних и 1 внутренний карман
- Резинка на манжетах
- Декоративный шеврон на рукаве
- Длина: 93 см

Страна производства: Китай
Состав
Верх: 65% Полиэстер, 35% Хлопок; Подкладка 1: 100% Полиэстер; Подкладка 2: 100% Хлопок; Утеплитель: 100% Полиэстер",Куртки,https://img.ostin.com/upload/mdm/media_content/resize/eba/686_950_ca99/38660020299.jpg,5299,0,create
Стёганая куртка-бомбер с капюшоном вариант 6,Мужской,Россия,"Стёганая куртка-бомбер с капюшоном

- Ткань верха с водоотталкивающей пропиткой
- Несъёмный капюшон
- Застёжка на молнию
- Декоративный шеврон на рукаве
- 2 внешних кармана и 2 внутренних кармана
- Резинка по низу и на манжетах
- Длина: 69 см

Страна производства: Китай
Состав
Верх: 100% Нейлон; Подкладка: 100% Полиэстер; Наполн: 100% Полиэстер",Куртки,https://img.ostin.com/upload/mdm/media_content/resize/c66/686_950_613e/36479660299.jpg,2999,0,create
Джемпер структурной вязки,Женский,Вьетнам,"Джемпер структурной вязки

- Цельновязаный воротник-стойка
- Структурная горизонтальная вязка
- Рукава 3/4
- Свободный силуэт
- Fit: Loose

Размер модели на фото: S (26/32)
Рост модели на фото: 176 см.
Параметры модели на фото:
грудь: 83
талия: 63
бёдра: 92

Страна производства: Китай
Состав
38% Нейлон, 34% Вискоза, 12% Полиэстер, 9% Ангорская шерсть, 7% Металлизированная нить",Джемперы,https://img.ostin.com/upload/mdm/media_content/resize/08d/686_950_7c01/39229240299.jpg,2499,15,create
Джемпер структурной вязки c люрексом,Женский,Китай,"Джемпер структурной вязки c люрексом

- Вырез горловины «лодочка»
- Рукава 3/4 «летучая мышь»
- Выполнен из акриловой пряжи с люрексом
- Комфортный фит
- Fit: Comfort

Размер модели на фото: S (26/32)
Рост модели на фото: 176 см.
Параметры модели на фото:
грудь: 83
талия: 63
бёдра: 92

Страна производства: Бангладеш
Состав
95% Акрил, 3% Полиэстер, 2% Метализир. в-но",Джемперы,https://img.ostin.com/upload/mdm/media_content/resize/197/686_950_ae8b/39229400299.jpg,1799,0,create
Джемпер структурной вязки вариант 2,Женский,Россия,"Джемпер структурной вязки

- Вырез горловины «лодочка»
- Длинные рукава «летучая мышь»
- Структурная вязка
- Комфортный фит
- Fit:Comfort

Размер модели на фото: S (26/32)
Рост модели на фото: 176 см.
Параметры модели на фото:
грудь: 83
талия: 63
бёдра: 92

Страна производства: Китай
Состав
50% Вискоза, 30% Полиэстер, 20% Нейлон",Джемперы,https://img.ostin.com/upload/mdm/media_content/resize/e0b/686_950_11db/39345210299.jpg,1599,10,create
Структурный вязаный джемпер,Женский,Китай,"Структурный вязаный джемпер

- Джемпер с рукавами 3/4 выполнен из хлопковой пряжи с люрексом
- Вырез горловины «лодочка»
- Рукава 3/4 реглан
- Структурная вязка
- Полуприлегающий силуэт
- Fit: Regular

Размер модели на фото: S (26/32)
Рост модели на фото: 173 см
Параметры модели на фото:
грудь: 78
талия: 60
бёдра: 87

Страна производства: Китай
Состав
48% Акрил, 38% Хлопок, 9% Полиэстер, 5% Метализир. в-но",Джемперы,https://img.ostin.com/upload/mdm/media_content/resize/3df/686_950_54d8/38710260299.jpg,1999,0,create
Структурный джемпер с воротником-стойкой,Женский,Китай,"Структурный джемпер с воротником-стойкой

- Джемпер выполнен из пряжи с большим содержанием вискозы
- Горловина-стойка
- Длинные рукава
- Манжеты и низ заканчиваются резинками
- Объёмная вязка
- Полуприлегающий силуэт
- Fit: Regular

Размер модели на фото: S (26/32)
Рост модели на фото: 173 см.
Параметры модели на фото:
грудь: 78
талия: 60
бёдра: 87

Страна производства: Китай
Состав
53% Вискоза, 30% Полиэстер, 17% Нейлон",Джемперы,https://img.ostin.com/upload/mdm/media_content/resize/da1/686_950_807e/38548510299.jpg,1999,0,create
Структурный вязаный джемпер вариант 2,Женский,Россия,"Структурный джемпер с воротником-стойкой

- Джемпер выполнен из пряжи с большим содержанием вискозы
- Горловина-стойка
- Длинные рукава
- Манжеты и низ заканчиваются резинками
- Объёмная вязка
- Полуприлегающий силуэт
- Fit: Regular

Размер модели на фото: S (26/32)
Рост модели на фото: 173 см.
Параметры модели на фото:
грудь: 78
талия: 60
бёдра: 87

Страна производства: Китай
Состав
53% Вискоза, 30% Полиэстер, 17% Нейлон",Джемперы,https://img.ostin.com/upload/mdm/media_content/resize/dbc/686_950_d3ee/38710430299.jpg,1999,0,create
Джемпер с геометрическим жаккардом,Мужской,Вьетнам,"Джемпер с геометрическим жаккардом

- C-горловина
- Длинные рукава
- Структурная вязка
- Металлический лейбл

Размер модели на фото: M (32/32)
Рост модели на фото: 188 см.
Параметры модели на фото:
грудь: 101
талия: 80
бёдра: 100

Страна производства: Китай
Состав
100% Хлопок",Джемперы,https://img.ostin.com/upload/mdm/media_content/resize/056/686_950_5ad0/39038810299.jpg,2499,15,create
Джемпер структурной вязки мужской,Мужской,Вьетнам,"Джемпер с геометрическим жаккардом

- C-горловина
- Длинные рукава
- Структурная вязка
- Металлический лейбл

Размер модели на фото: M (32/32)
Рост модели на фото: 188 см.
Параметры модели на фото:
грудь: 101
талия: 80
бёдра: 100

Страна производства: Китай
Состав
100% Хлопок",Джемперы,https://img.ostin.com/upload/mdm/media_content/resize/bcd/686_950_f5d6/39039040299.jpg,1499,0,create
Джемпер со структурной полочкой,Мужской,Россия,"Джемпер с геометрическим жаккардом

- C-горловина
- Длинные рукава
- Структурная вязка
- Металлический лейбл

Размер модели на фото: M (32/32)
Рост модели на фото: 188 см.
Параметры модели на фото:
грудь: 101
талия: 80
бёдра: 100

Страна производства: Китай
Состав
100% Хлопок",Джемперы,https://img.ostin.com/upload/mdm/media_content/resize/63a/686_950_dd18/39039330299.jpg,5899,0,create
Джемпер с платировкой,Мужской,Вьетнам,"Джемпер с геометрическим жаккардом

- C-горловина
- Длинные рукава
- Структурная вязка
- Металлический лейбл

Размер модели на фото: M (32/32)
Рост модели на фото: 188 см.
Параметры модели на фото:
грудь: 101
талия: 80
бёдра: 100

Страна производства: Китай
Состав
100% Хлопок",Джемперы,https://img.ostin.com/upload/mdm/media_content/resize/5aa/686_950_0044/39039980299.jpg,9999,0,create
Базовый джемпер,Мужской,Россия,"Джемпер с геометрическим жаккардом

- C-горловина
- Длинные рукава
- Структурная вязка
- Металлический лейбл

Размер модели на фото: M (32/32)
Рост модели на фото: 188 см.
Параметры модели на фото:
грудь: 101
талия: 80
бёдра: 100

Страна производства: Китай
Состав
100% Хлопок",Джемперы,https://img.ostin.com/upload/mdm/media_content/resize/9f4/686_950_8db8/39312600299.jpg,8299,10,create
Джемпер с колорблоком,Мужской,Китай,"Джемпер с геометрическим жаккардом

- C-горловина
- Длинные рукава
- Структурная вязка
- Металлический лейбл

Размер модели на фото: M (32/32)
Рост модели на фото: 188 см.
Параметры модели на фото:
грудь: 101
талия: 80
бёдра: 100

Страна производства: Китай
Состав
100% Хлопок",Джемперы,https://img.ostin.com/upload/mdm/media_content/resize/526/686_950_c749/39399360299.jpg,2199,0,create
Футболка с блеском ,Женский,Китай,"Футболка с блеском

- Круглый вырез горловины
- Без рукавов
- Комфортный фит
- Полотно в рубчик с блестящей накаткой

Размер модели на фото: S (26/32)
Рост модели на фото: 176 см.
Параметры модели на фото:
грудь: 83
талия: 63
бёдра: 92

Страна производства: Китай
Состав
95% Полиэстер, 5% Эластан",Футболки,https://img.ostin.com/upload/mdm/media_content/resize/78d/686_950_bb57/39347330299.jpg,800,5,create
Хлопковая футболка с вырезом «лодочка»,Женский,Китай,"Футболка с блеском

- Круглый вырез горловины
- Без рукавов
- Комфортный фит
- Полотно в рубчик с блестящей накаткой

Размер модели на фото: S (26/32)
Рост модели на фото: 176 см.
Параметры модели на фото:
грудь: 83
талия: 63
бёдра: 92

Страна производства: Китай
Состав
95% Полиэстер, 5% Эластан",Футболки,https://img.ostin.com/upload/mdm/media_content/resize/8c2/686_950_9884/37375850299.jpg,950,20,create
Футболка со слоган-принтом,Женский,Китай,"Футболка с блеском

- Круглый вырез горловины
- Без рукавов
- Комфортный фит
- Полотно в рубчик с блестящей накаткой

Размер модели на фото: S (26/32)
Рост модели на фото: 176 см.
Параметры модели на фото:
грудь: 83
талия: 63
бёдра: 92

Страна производства: Китай
Состав
95% Полиэстер, 5% Эластан",Футболки,https://img.ostin.com/upload/mdm/media_content/resize/929/686_950_cf26/36232750299.jpg,750,0,create
 Футболка с фотопринтом ,Женский,Вьетнам,"Футболка с блеском

- Круглый вырез горловины
- Без рукавов
- Комфортный фит
- Полотно в рубчик с блестящей накаткой

Размер модели на фото: S (26/32)
Рост модели на фото: 176 см.
Параметры модели на фото:
грудь: 83
талия: 63
бёдра: 92

Страна производства: Китай
Состав
95% Полиэстер, 5% Эластан",Футболки,https://img.ostin.com/upload/mdm/media_content/resize/87b/686_950_9e75/37450190299.jpg,399,0,create
 Базовая футболка в рубчик ,Женский,Вьетнам,"Футболка с блеском

- Круглый вырез горловины
- Без рукавов
- Комфортный фит
- Полотно в рубчик с блестящей накаткой

Размер модели на фото: S (26/32)
Рост модели на фото: 176 см.
Параметры модели на фото:
грудь: 83
талия: 63
бёдра: 92

Страна производства: Китай
Состав
95% Полиэстер, 5% Эластан",Футболки,https://img.ostin.com/upload/mdm/media_content/resize/383/686_950_671b/36233580299.jpg,899,15,create
Футболка с длинным рукавом,Женский,Вьетнам,"Футболка с блеском

- Круглый вырез горловины
- Без рукавов
- Комфортный фит
- Полотно в рубчик с блестящей накаткой

Размер модели на фото: S (26/32)
Рост модели на фото: 176 см.
Параметры модели на фото:
грудь: 83
талия: 63
бёдра: 92

Страна производства: Китай
Состав
95% Полиэстер, 5% Эластан",Футболки,https://img.ostin.com/upload/mdm/media_content/resize/7e4/686_950_30b6/37920050299.jpg,599,0,create
Футболка с текстовым принтом,Мужской,Вьетнам,"Футболка с текстовым принтом

- Короткие рукава
- Круглый вырез горловины
- Принт «наследие»

Размер модели на фото: M (32/32)
Рост модели на фото: 189 см.
Параметры модели на фото:
грудь: 102
талия: 85
бёдра: 98

Страна производства: Бангладеш
Состав
95% Хлопок, 5% Вискоза",Футболки,https://img.ostin.com/upload/mdm/media_content/resize/738/686_950_7b65/39309300299.jpg,800,10,create
Футболка с «обманкой»,Мужской,Китай,"Футболка с текстовым принтом

- Короткие рукава
- Круглый вырез горловины
- Принт «наследие»

Размер модели на фото: M (32/32)
Рост модели на фото: 189 см.
Параметры модели на фото:
грудь: 102
талия: 85
бёдра: 98

Страна производства: Бангладеш
Состав
95% Хлопок, 5% Вискоза",Футболки,https://img.ostin.com/upload/mdm/media_content/resize/c5c/686_950_5770/39310080299.jpg,950,0,create
Базовое поло,Мужской,Вьетнам,"Футболка с текстовым принтом

- Короткие рукава
- Круглый вырез горловины
- Принт «наследие»

Размер модели на фото: M (32/32)
Рост модели на фото: 189 см.
Параметры модели на фото:
грудь: 102
талия: 85
бёдра: 98

Страна производства: Бангладеш
Состав
95% Хлопок, 5% Вискоза",Футболки,https://img.ostin.com/upload/mdm/media_content/resize/e83/686_950_19d3/39310970299.jpg,750,0,create
Футболка из френч-терри,Мужской,Вьетнам,"Футболка с текстовым принтом

- Короткие рукава
- Круглый вырез горловины
- Принт «наследие»

Размер модели на фото: M (32/32)
Рост модели на фото: 189 см.
Параметры модели на фото:
грудь: 102
талия: 85
бёдра: 98

Страна производства: Бангладеш
Состав
95% Хлопок, 5% Вискоза",Футболки,https://img.ostin.com/upload/mdm/media_content/resize/9df/686_950_2cf8/39429730299.jpg,399,0,create
Футболка с принтом Mickey,Мужской,Китай,"Футболка с текстовым принтом

- Короткие рукава
- Круглый вырез горловины
- Принт «наследие»

Размер модели на фото: M (32/32)
Рост модели на фото: 189 см.
Параметры модели на фото:
грудь: 102
талия: 85
бёдра: 98

Страна производства: Бангладеш
Состав
95% Хлопок, 5% Вискоза",Футболки,https://img.ostin.com/upload/mdm/media_content/resize/7be/686_950_4552/39400580299.jpg,899,0,create
Базовое поло с контрастными деталями,Мужской,Вьетнам,"Футболка с текстовым принтом

- Короткие рукава
- Круглый вырез горловины
- Принт «наследие»

Размер модели на фото: M (32/32)
Рост модели на фото: 189 см.
Параметры модели на фото:
грудь: 102
талия: 85
бёдра: 98

Страна производства: Бангладеш
Состав
95% Хлопок, 5% Вискоза",Футболки,https://img.ostin.com/upload/mdm/media_content/resize/b54/686_950_17b5/39427120299.jpg,599,10,create
Платье-рубашка из искусственной кожи,Женский,Вьетнам,"Платье-рубашка из искусственной кожи

- Платье-рубашка из искусственной кожи
- Платье выполнено из эко-кожи
- Классическая форма воротника
- Застёжка на пуговицы
- Прямой силуэт
- Длинные рукава
- Fit: Regular

Размер модели на фото: S (26/32)
Рост модели на фото: 176 см.
Параметры модели на фото:
грудь: 83
талия: 63
бёдра: 92

Страна производства: Китай
Состав
Верх: Искусственная кожа: Покрытие 100% полиуретан, Основа: 100% Полиэстер; Пояс: Искусственная кожа: Покрытие 100% полиуретан, основа:: 100% Полиэстер",Платья,https://img.ostin.com/upload/mdm/media_content/resize/723/686_950_0a56/39239140299.jpg,2599,0,create
Платье из искусственной кожи на запах,Женский,Россия,,Платья,https://img.ostin.com/upload/mdm/media_content/resize/674/686_950_0518/39233770299.jpg,2799,10,create
Принтованное платье из крепа,Женский,Россия,"Платье-рубашка из искусственной кожи

- Платье-рубашка из искусственной кожи
- Платье выполнено из эко-кожи
- Классическая форма воротника
- Застёжка на пуговицы
- Прямой силуэт
- Длинные рукава
- Fit: Regular

Размер модели на фото: S (26/32)
Рост модели на фото: 176 см.
Параметры модели на фото:
грудь: 83
талия: 63
бёдра: 92

Страна производства: Китай
Состав
Верх: Искусственная кожа: Покрытие 100% полиуретан, Основа: 100% Полиэстер; Пояс: Искусственная кожа: Покрытие 100% полиуретан, основа:: 100% Полиэстер",Платья,https://img.ostin.com/upload/mdm/media_content/resize/afd/686_950_1122/38713310299.jpg,3299,20,create
Вязаное платье,Женский,Россия,"Платье-рубашка из искусственной кожи

- Платье-рубашка из искусственной кожи
- Платье выполнено из эко-кожи
- Классическая форма воротника
- Застёжка на пуговицы
- Прямой силуэт
- Длинные рукава
- Fit: Regular

Размер модели на фото: S (26/32)
Рост модели на фото: 176 см.
Параметры модели на фото:
грудь: 83
талия: 63
бёдра: 92

Страна производства: Китай
Состав
Верх: Искусственная кожа: Покрытие 100% полиуретан, Основа: 100% Полиэстер; Пояс: Искусственная кожа: Покрытие 100% полиуретан, основа:: 100% Полиэстер",Платья,https://img.ostin.com/upload/mdm/media_content/resize/4af/686_950_7664/37436800299.jpg,4099,0,create
Вязаное платье на кулиске,Женский,Китай,"Платье-рубашка из искусственной кожи

- Платье-рубашка из искусственной кожи
- Платье выполнено из эко-кожи
- Классическая форма воротника
- Застёжка на пуговицы
- Прямой силуэт
- Длинные рукава
- Fit: Regular

Размер модели на фото: S (26/32)
Рост модели на фото: 176 см.
Параметры модели на фото:
грудь: 83
талия: 63
бёдра: 92

Страна производства: Китай
Состав
Верх: Искусственная кожа: Покрытие 100% полиуретан, Основа: 100% Полиэстер; Пояс: Искусственная кожа: Покрытие 100% полиуретан, основа:: 100% Полиэстер",Платья,https://img.ostin.com/upload/mdm/media_content/resize/e57/686_950_997d/37920770299.jpg,1800,0,create
 Платье миди с капюшоном,Женский,Китай,"Платье-рубашка из искусственной кожи

- Платье-рубашка из искусственной кожи
- Платье выполнено из эко-кожи
- Классическая форма воротника
- Застёжка на пуговицы
- Прямой силуэт
- Длинные рукава
- Fit: Regular

Размер модели на фото: S (26/32)
Рост модели на фото: 176 см.
Параметры модели на фото:
грудь: 83
талия: 63
бёдра: 92

Страна производства: Китай
Состав
Верх: Искусственная кожа: Покрытие 100% полиуретан, Основа: 100% Полиэстер; Пояс: Искусственная кожа: Покрытие 100% полиуретан, основа:: 100% Полиэстер",Платья,https://img.ostin.com/upload/mdm/media_content/resize/e7e/686_950_9485/36760420299.jpg,2300,0,create
Юбка в клетку с добавлением шерсти,Женский,Вьетнам,"Юбка в клетку с добавлением шерсти

- Юбка из ткани с добавлением шерсти
- Юбка А-силуэта
- Высокая линия талии
- Боковые карманы
- Средняя длина
- Планка с пуговицами
- Длина юбки спереди по центру, включая пояс, 72,5 см (для размера М)

Размер модели на фото: S (26/32)
Рост модели на фото: 180 см
Параметры модели на фото:
грудь: 84
талия: 61
бёдра: 91

Страна производства: Китай
Состав
Верх: 72% Полиэстер, 17% Шерсть, 8% Вискоза, 3% Эластан; Подкладка: 100% Полиэстер",Юбки,https://img.ostin.com/upload/mdm/media_content/resize/257/686_950_7743/37435470299.jpg,2999,0,create
Вязаная юбка ,Женский,Вьетнам,"Юбка в клетку с добавлением шерсти

- Юбка из ткани с добавлением шерсти
- Юбка А-силуэта
- Высокая линия талии
- Боковые карманы
- Средняя длина
- Планка с пуговицами
- Длина юбки спереди по центру, включая пояс, 72,5 см (для размера М)

Размер модели на фото: S (26/32)
Рост модели на фото: 180 см
Параметры модели на фото:
грудь: 84
талия: 61
бёдра: 91

Страна производства: Китай
Состав
Верх: 72% Полиэстер, 17% Шерсть, 8% Вискоза, 3% Эластан; Подкладка: 100% Полиэстер",Юбки,https://img.ostin.com/upload/mdm/media_content/resize/361/686_950_fc4b/36084350299.jpg,1999,10,create
Кожаная юбка с накладными карманами,Женский,Вьетнам,"Юбка в клетку с добавлением шерсти

- Юбка из ткани с добавлением шерсти
- Юбка А-силуэта
- Высокая линия талии
- Боковые карманы
- Средняя длина
- Планка с пуговицами
- Длина юбки спереди по центру, включая пояс, 72,5 см (для размера М)

Размер модели на фото: S (26/32)
Рост модели на фото: 180 см
Параметры модели на фото:
грудь: 84
талия: 61
бёдра: 91

Страна производства: Китай
Состав
Верх: 72% Полиэстер, 17% Шерсть, 8% Вискоза, 3% Эластан; Подкладка: 100% Полиэстер",Юбки,https://img.ostin.com/upload/mdm/media_content/resize/0a7/686_950_5367/36083730299.jpg,2399,0,create
Трикотажная юбка-карандаш,Женский,Китай,"Юбка в клетку с добавлением шерсти

- Юбка из ткани с добавлением шерсти
- Юбка А-силуэта
- Высокая линия талии
- Боковые карманы
- Средняя длина
- Планка с пуговицами
- Длина юбки спереди по центру, включая пояс, 72,5 см (для размера М)

Размер модели на фото: S (26/32)
Рост модели на фото: 180 см
Параметры модели на фото:
грудь: 84
талия: 61
бёдра: 91

Страна производства: Китай
Состав
Верх: 72% Полиэстер, 17% Шерсть, 8% Вискоза, 3% Эластан; Подкладка: 100% Полиэстер",Юбки,https://img.ostin.com/upload/mdm/media_content/resize/300/686_950_9dfc/35513460299.jpg,3799,0,create
Поливискозная юбка А-силуэта,Женский,Китай,"Юбка в клетку с добавлением шерсти

- Юбка из ткани с добавлением шерсти
- Юбка А-силуэта
- Высокая линия талии
- Боковые карманы
- Средняя длина
- Планка с пуговицами
- Длина юбки спереди по центру, включая пояс, 72,5 см (для размера М)

Размер модели на фото: S (26/32)
Рост модели на фото: 180 см
Параметры модели на фото:
грудь: 84
талия: 61
бёдра: 91

Страна производства: Китай
Состав
Верх: 72% Полиэстер, 17% Шерсть, 8% Вискоза, 3% Эластан; Подкладка: 100% Полиэстер",Юбки,https://img.ostin.com/upload/mdm/media_content/resize/da5/686_950_8968/35399960299.jpg,2599,20,create
Плиссированная юбка,Женский,Китай,"Юбка в клетку с добавлением шерсти

- Юбка из ткани с добавлением шерсти
- Юбка А-силуэта
- Высокая линия талии
- Боковые карманы
- Средняя длина
- Планка с пуговицами
- Длина юбки спереди по центру, включая пояс, 72,5 см (для размера М)

Размер модели на фото: S (26/32)
Рост модели на фото: 180 см
Параметры модели на фото:
грудь: 84
талия: 61
бёдра: 91

Страна производства: Китай
Состав
Верх: 72% Полиэстер, 17% Шерсть, 8% Вискоза, 3% Эластан; Подкладка: 100% Полиэстер",Юбки,https://img.ostin.com/upload/mdm/media_content/resize/a33/686_950_babb/35327800299.jpg,3299,0,create
Базовая толстовка,Женский,Россия,"Базовая толстовка

- Толстовка выполнена из мягкого трикотажа French Terry
- Круглый вырез горловины
- Длинные рукава
- Спущенные плечи
- Полотно в камуфляж и однотонное
- Манжеты и низ заканчиваются резинками
- Свободный силуэт
- Fit: Oversize

Размер модели на фото: S (26/32)
Рост модели на фото: 173 см.
Параметры модели на фото:
грудь: 78
талия: 60
бёдра: 87

Страна производства: Бангладеш
Состав
60% Хлопок, 40% Полиэстер",Толстовки,https://img.ostin.com/upload/mdm/media_content/resize/9ef/686_950_996d/38551950299.jpg,2999,0,create
 Толстовка-худи с мехом L,Женский,Россия,"Базовая толстовка

- Толстовка выполнена из мягкого трикотажа French Terry
- Круглый вырез горловины
- Длинные рукава
- Спущенные плечи
- Полотно в камуфляж и однотонное
- Манжеты и низ заканчиваются резинками
- Свободный силуэт
- Fit: Oversize

Размер модели на фото: S (26/32)
Рост модели на фото: 173 см.
Параметры модели на фото:
грудь: 78
талия: 60
бёдра: 87

Страна производства: Бангладеш
Состав
60% Хлопок, 40% Полиэстер",Толстовки,https://img.ostin.com/upload/mdm/media_content/resize/f52/686_950_724b/36760360299.jpg,5999,0,create
Толстовка с аппликацией,Женский,Китай,"Базовая толстовка

- Толстовка выполнена из мягкого трикотажа French Terry
- Круглый вырез горловины
- Длинные рукава
- Спущенные плечи
- Полотно в камуфляж и однотонное
- Манжеты и низ заканчиваются резинками
- Свободный силуэт
- Fit: Oversize

Размер модели на фото: S (26/32)
Рост модели на фото: 173 см.
Параметры модели на фото:
грудь: 78
талия: 60
бёдра: 87

Страна производства: Бангладеш
Состав
60% Хлопок, 40% Полиэстер",Толстовки,https://img.ostin.com/upload/mdm/media_content/resize/dbf/686_950_f0d0/38108390299.jpg,4999,0,create
Удлинённый свитшот с капюшоном,Женский,Китай,"Базовая толстовка

- Толстовка выполнена из мягкого трикотажа French Terry
- Круглый вырез горловины
- Длинные рукава
- Спущенные плечи
- Полотно в камуфляж и однотонное
- Манжеты и низ заканчиваются резинками
- Свободный силуэт
- Fit: Oversize

Размер модели на фото: S (26/32)
Рост модели на фото: 173 см.
Параметры модели на фото:
грудь: 78
талия: 60
бёдра: 87

Страна производства: Бангладеш
Состав
60% Хлопок, 40% Полиэстер",Толстовки,https://img.ostin.com/upload/mdm/media_content/resize/550/686_950_ac31/36186930299.jpg,3999,10,create
Толстовка с капюшоном и фотопринтом,Женский,Вьетнам,"Базовая толстовка

- Толстовка выполнена из мягкого трикотажа French Terry
- Круглый вырез горловины
- Длинные рукава
- Спущенные плечи
- Полотно в камуфляж и однотонное
- Манжеты и низ заканчиваются резинками
- Свободный силуэт
- Fit: Oversize

Размер модели на фото: S (26/32)
Рост модели на фото: 173 см.
Параметры модели на фото:
грудь: 78
талия: 60
бёдра: 87

Страна производства: Бангладеш
Состав
60% Хлопок, 40% Полиэстер",Толстовки,https://img.ostin.com/upload/mdm/media_content/resize/255/686_950_5823/36187040299.jpg,1899,0,create
Толстовка из меха Teddy,Женский,Вьетнам,"Базовая толстовка

- Толстовка выполнена из мягкого трикотажа French Terry
- Круглый вырез горловины
- Длинные рукава
- Спущенные плечи
- Полотно в камуфляж и однотонное
- Манжеты и низ заканчиваются резинками
- Свободный силуэт
- Fit: Oversize

Размер модели на фото: S (26/32)
Рост модели на фото: 173 см.
Параметры модели на фото:
грудь: 78
талия: 60
бёдра: 87

Страна производства: Бангладеш
Состав
60% Хлопок, 40% Полиэстер",Толстовки,https://img.ostin.com/upload/mdm/media_content/resize/223/686_950_01fd/37417040299.jpg,2799,0,create
